Workbook
Name AC: 'ALAKART DİKEY (2)'!$UV:$UV
Name TRİLEÇE: 'SELF MENÜ (5)'!#REF!
Name TRİLEÇE: #REF!

Sheet SELF MENÜ (5)
A1: BEYTEPE SOSYAL TESİS MÜDÜRLÜĞÜ
A3: 45838 | E3: SELF MENÜ
A5: ÇORBALAR | E5: EKMEKLER
A7: EZOGELİN ÇORBASI | B7: 17.24 | E7: ROL EKMEK | F7: 3.59
E10: İÇECEKLER
A11: ANA YEMEKLER
E12: AYRAN 300 GR | F12: 10.26
A13: BAMYA YEMEĞİ | B13: 64.25 | E13: FANTA KUTU | F13: 22.9
A14: TAVUK BUT ROTİ | B14: 58.3 | E14: GAZOZ KUTU | F14: 22.9
A15: HASANPAŞA KÖFTE | B15: 161.49 | E15: KOLA KUTU | F15: 22.9
E16: KOLA KUTU ZERO | F16: 22.9
E17: MEYVE SUYU KUTU | F17: 30.47
A18: PİLAV & MAKARNA | E18: SODA MEYVELİ | F18: 10.95
E19: SODA SADE | F19: 8.36
A20: TEL ŞEHRİYELİ PİRİNÇ PİLAVI | B20: 14.53 | E20: SOĞUK ÇAY KUTU | F20: 30.47
E21: ŞALGAM | F21: 14.28
E22: SU 0,5 LT | F22: 4.13
A24: SALATA
A26: MEVSİM SALATA | B26: 27.19 | E26: TATLI
A29: ZEYTİNYAĞLILAR VE SOĞUKLAR | E29: KARPUZ | F29: 22.48
E30: TRİLİÇE | F30: 31.9
A31: CACIK | B31: 18.46
A32: HAVUÇ TARATOR | B32: 23.63
A33: HAYDARİ | B33: 23.82
A34: PANCAR TURŞUSU | B34: 39.07
A35: PEMBE SULTAN | B35: 14.57
A36: RUS SALATA | B36: 19.75
A37: KÖZLENMİŞ BİBER | B37: 16.18
A38: YOĞURTLU MANTAR | B38: 39.95
A39: PATLICAN MENÇE | B39: 40.15
A40: Z.Y. BROKOLİ | B40: 52.08
A41: Z.Y. BRÜKSEL LAHANA | B41: 52.77

Sheet ALAKART DİKEY (2)
A1: BEYTEPE SOSYAL TESİS MÜDÜRLÜĞÜ
A3: ='SELF MENÜ (5)'!A3:D3 -> 45838 | E3: ALAKART MENÜ
A5: ÇORBALAR | E5: EKMEKLER
A6: =IF('SELF MENÜ (5)'!A7="", "",'SELF MENÜ (5)'!A7) -> EZOGELİN ÇORBASI | B6: 18.42 | E6: =IF('SELF MENÜ (5)'!E7="", "", 'SELF MENÜ (5)'!E7) -> ROL EKMEK | F6: =IF('SELF MENÜ (5)'!F7="", "", 'SELF MENÜ (5)'!F7) -> 3.59
A7: =IF('SELF MENÜ (5)'!A8="", "",'SELF MENÜ (5)'!A8) | E7: =IF('SELF MENÜ (5)'!E8="", "", 'SELF MENÜ (5)'!E8) | F7: =IF('SELF MENÜ (5)'!F8="", "", 'SELF MENÜ (5)'!F8)
A8: =IF('SELF MENÜ (5)'!A9="", "",'SELF MENÜ (5)'!A9) | E8: =IF('SELF MENÜ (5)'!E9="", "", 'SELF MENÜ (5)'!E9) | F8: =IF('SELF MENÜ (5)'!F9="", "", 'SELF MENÜ (5)'!F9)
A9: =IF('SELF MENÜ (5)'!A10="", "",'SELF MENÜ (5)'!A10) | E9: İÇECEKLER
A10: ANA YEMEKLER
E11: =IF('SELF MENÜ (5)'!E12="","",'SELF MENÜ (5)'!E12) -> AYRAN 300 GR | F11: =IF('SELF MENÜ (5)'!F12="", "", 'SELF MENÜ (5)'!F12) -> 10.26
A12: =IF('SELF MENÜ (5)'!A13="", "", 'SELF MENÜ (5)'!A13) -> BAMYA YEMEĞİ | B12: 68.65 | E12: =IF('SELF MENÜ (5)'!E13="","",'SELF MENÜ (5)'!E13) -> FANTA KUTU | F12: =IF('SELF MENÜ (5)'!F13="", "", 'SELF MENÜ (5)'!F13) -> 22.9
A13: =IF('SELF MENÜ (5)'!A14="", "", 'SELF MENÜ (5)'!A14) -> TAVUK BUT ROTİ | B13: 62.29 | E13: =IF('SELF MENÜ (5)'!E14="","",'SELF MENÜ (5)'!E14) -> GAZOZ KUTU | F13: =IF('SELF MENÜ (5)'!F14="", "", 'SELF MENÜ (5)'!F14) -> 22.9
A14: =IF('SELF MENÜ (5)'!A15="", "", 'SELF MENÜ (5)'!A15) -> HASANPAŞA KÖFTE | B14: 172.56 | E14: =IF('SELF MENÜ (5)'!E15="","",'SELF MENÜ (5)'!E15) -> KOLA KUTU | F14: =IF('SELF MENÜ (5)'!F15="", "", 'SELF MENÜ (5)'!F15) -> 22.9
A15: =IF('SELF MENÜ (5)'!A16="", "", 'SELF MENÜ (5)'!A16) | E15: =IF('SELF MENÜ (5)'!E16="","",'SELF MENÜ (5)'!E16) -> KOLA KUTU ZERO | F15: =IF('SELF MENÜ (5)'!F16="", "", 'SELF MENÜ (5)'!F16) -> 22.9
A16: =IF('SELF MENÜ (5)'!A17="", "", 'SELF MENÜ (5)'!A17) | E16: =IF('SELF MENÜ (5)'!E17="","",'SELF MENÜ (5)'!E17) -> MEYVE SUYU KUTU | F16: =IF('SELF MENÜ (5)'!F17="", "", 'SELF MENÜ (5)'!F17) -> 30.47
A17: PİLAV & MAKARNA | E17: =IF('SELF MENÜ (5)'!E18="","",'SELF MENÜ (5)'!E18) -> SODA MEYVELİ | F17: =IF('SELF MENÜ (5)'!F18="", "", 'SELF MENÜ (5)'!F18) -> 10.95
E18: =IF('SELF MENÜ (5)'!E19="","",'SELF MENÜ (5)'!E19) -> SODA SADE | F18: =IF('SELF MENÜ (5)'!F19="", "", 'SELF MENÜ (5)'!F19) -> 8.36
A19: =IF('SELF MENÜ (5)'!A20="", "", 'SELF MENÜ (5)'!A20) -> TEL ŞEHRİYELİ PİRİNÇ PİLAVI | B19: 15.53 | E19: =IF('SELF MENÜ (5)'!E20="","",'SELF MENÜ (5)'!E20) -> SOĞUK ÇAY KUTU | F19: =IF('SELF MENÜ (5)'!F20="", "", 'SELF MENÜ (5)'!F20) -> 30.47
A20: =IF('SELF MENÜ (5)'!A21="", "", 'SELF MENÜ (5)'!A21) | E20: =IF('SELF MENÜ (5)'!E21="","",'SELF MENÜ (5)'!E21) -> ŞALGAM | F20: =IF('SELF MENÜ (5)'!F21="", "", 'SELF MENÜ (5)'!F21) -> 14.28
A21: =IF('SELF MENÜ (5)'!A22="", "", 'SELF MENÜ (5)'!A22) | E21: =IF('SELF MENÜ (5)'!E22="","",'SELF MENÜ (5)'!E22) -> SU 0,5 LT | F21: =IF('SELF MENÜ (5)'!F22="", "", 'SELF MENÜ (5)'!F22) -> 4.13
A22: =IF('SELF MENÜ (5)'!A23="", "", 'SELF MENÜ (5)'!A23) | E22: =IF('SELF MENÜ (5)'!E23="","",'SELF MENÜ (5)'!E23) | F22: =IF('SELF MENÜ (5)'!F23="", "", 'SELF MENÜ (5)'!F23)
A23: SALATA | E23: =IF('SELF MENÜ (5)'!E24="","",'SELF MENÜ (5)'!E24) | F23: =IF('SELF MENÜ (5)'!F24="", "", 'SELF MENÜ (5)'!F24)
A25: =IF('SELF MENÜ (5)'!A26="", "", 'SELF MENÜ (5)'!A26) -> MEVSİM SALATA | B25: 29.05
A26: =IF('SELF MENÜ (5)'!A27="", "", 'SELF MENÜ (5)'!A27)
A27: =IF('SELF MENÜ (5)'!A28="", "", 'SELF MENÜ (5)'!A28) | E27: TATLI
A28: ZEYTİNYAĞLILAR VE SOĞUKLAR
E29: =IF('SELF MENÜ (5)'!E29="", "", 'SELF MENÜ (5)'!E29) -> KARPUZ | F29: 24.02
A30: =IF('SELF MENÜ (5)'!A31="", "", 'SELF MENÜ (5)'!A31) -> CACIK | B30: 19.72
A31: =IF('SELF MENÜ (5)'!A32="", "", 'SELF MENÜ (5)'!A32) -> HAVUÇ TARATOR | B31: 25.25 | E31: =IF('SELF MENÜ (5)'!E30="", "", 'SELF MENÜ (5)'!E30) -> TRİLİÇE | F31: 34.09
A32: =IF('SELF MENÜ (5)'!A33="", "", 'SELF MENÜ (5)'!A33) -> HAYDARİ | B32: 25.46 | E32: =IF('SELF MENÜ (5)'!E32="", "", 'SELF MENÜ (5)'!E32)
A33: =IF('SELF MENÜ (5)'!A34="", "", 'SELF MENÜ (5)'!A34) -> PANCAR TURŞUSU | B33: 41.75 | E33: =IF('SELF MENÜ (5)'!E32="", "", 'SELF MENÜ (5)'!E32)
A34: =IF('SELF MENÜ (5)'!A35="", "", 'SELF MENÜ (5)'!A35) -> PEMBE SULTAN | B34: 15.57 | E34: IZGARA ÇEŞİTLERİ
A35: =IF('SELF MENÜ (5)'!A36="", "", 'SELF MENÜ (5)'!A36) -> RUS SALATA | B35: 21.1 | E35: ADANA KEBAP | F35: 222.37
A36: =IF('SELF MENÜ (5)'!A37="", "", 'SELF MENÜ (5)'!A37) -> KÖZLENMİŞ BİBER | B36: 17.29 | E36: TAVUK ŞİŞ | F36: 108.73
A37: =IF('SELF MENÜ (5)'!A38="", "", 'SELF MENÜ (5)'!A38) -> YOĞURTLU MANTAR | B37: 42.68 | E37: KUZU ŞİŞ | F37: 328.95
A38: =IF('SELF MENÜ (5)'!A39="", "", 'SELF MENÜ (5)'!A39) -> PATLICAN MENÇE | B38: 42.9 | E38: TAVUK KANAT | F38: 115.24
A39: =IF('SELF MENÜ (5)'!A40="", "", 'SELF MENÜ (5)'!A40) -> Z.Y. BROKOLİ | B39: 55.65
A40: =IF('SELF MENÜ (5)'!A41="", "", 'SELF MENÜ (5)'!A41) -> Z.Y. BRÜKSEL LAHANA | B40: 56.38
A41: =IF('SELF MENÜ (5)'!A42="", "", 'SELF MENÜ (5)'!A42)
A42: =IF('SELF MENÜ (5)'!A43="", "", 'SELF MENÜ (5)'!A43)
A43: =IF('SELF MENÜ (5)'!A44="", "", 'SELF MENÜ (5)'!A44)

Sheet ALAKART YATAY (1)
A1: BEYTEPE SOSYAL TESİS MÜDÜRLÜĞÜ
A3: ='ALAKART DİKEY (2)'!A3:B4 -> 45838 | E3: ALAKART MENÜ
A5: ÇORBALAR | E5: EKMEKLER
A7: =IF('ALAKART DİKEY (2)'!A6="","",'ALAKART DİKEY (2)'!A6) -> EZOGELİN ÇORBASI | B7: =IF('ALAKART DİKEY (2)'!B6="", "", 'ALAKART DİKEY (2)'!B6) -> 18.42 | E7: ='ALAKART DİKEY (2)'!E6 -> ROL EKMEK | F7: ='ALAKART DİKEY (2)'!F6 -> 3.59
A8: =IF('ALAKART DİKEY (2)'!A7="","",'ALAKART DİKEY (2)'!A7) | B8: =IF('ALAKART DİKEY (2)'!B7="", "", 'ALAKART DİKEY (2)'!B7) | E8: ='ALAKART DİKEY (2)'!E7 | F8: ='ALAKART DİKEY (2)'!F7
A9: =IF('ALAKART DİKEY (2)'!A8="","",'ALAKART DİKEY (2)'!A8) | B9: =IF('ALAKART DİKEY (2)'!B8="", "", 'ALAKART DİKEY (2)'!B8) | E9: ='ALAKART DİKEY (2)'!E8 | F9: ='ALAKART DİKEY (2)'!F8
A10: =IF('ALAKART DİKEY (2)'!A9="","",'ALAKART DİKEY (2)'!A9) | B10: =IF('ALAKART DİKEY (2)'!B9="", "", 'ALAKART DİKEY (2)'!B9) | E10: İÇECEKLER
A11: ANA YEMEKLER
E12: ='ALAKART DİKEY (2)'!E11 -> AYRAN 300 GR | F12: ='ALAKART DİKEY (2)'!F11 -> 10.26
A13: =IF('ALAKART DİKEY (2)'!A12="", "",'ALAKART DİKEY (2)'!A12) -> BAMYA YEMEĞİ | B13: =IF('ALAKART DİKEY (2)'!B12="", "", 'ALAKART DİKEY (2)'!B12) -> 68.65 | E13: ='ALAKART DİKEY (2)'!E12 -> FANTA KUTU | F13: ='ALAKART DİKEY (2)'!F12 -> 22.9
A14: =IF('ALAKART DİKEY (2)'!A13="", "",'ALAKART DİKEY (2)'!A13) -> TAVUK BUT ROTİ | B14: =IF('ALAKART DİKEY (2)'!B13="", "", 'ALAKART DİKEY (2)'!B13) -> 62.29 | E14: ='ALAKART DİKEY (2)'!E13 -> GAZOZ KUTU | F14: ='ALAKART DİKEY (2)'!F13 -> 22.9
A15: =IF('ALAKART DİKEY (2)'!A14="", "",'ALAKART DİKEY (2)'!A14) -> HASANPAŞA KÖFTE | B15: =IF('ALAKART DİKEY (2)'!B14="", "", 'ALAKART DİKEY (2)'!B14) -> 172.56 | E15: ='ALAKART DİKEY (2)'!E14 -> KOLA KUTU | F15: ='ALAKART DİKEY (2)'!F14 -> 22.9
A16: =IF('ALAKART DİKEY (2)'!A15="", "",'ALAKART DİKEY (2)'!A15) | B16: =IF('ALAKART DİKEY (2)'!B15="", "", 'ALAKART DİKEY (2)'!B15) | E16: ='ALAKART DİKEY (2)'!E15 -> KOLA KUTU ZERO | F16: ='ALAKART DİKEY (2)'!F15 -> 22.9
A17: =IF('ALAKART DİKEY (2)'!A16="", "",'ALAKART DİKEY (2)'!A16) | B17: =IF('ALAKART DİKEY (2)'!B16="", "", 'ALAKART DİKEY (2)'!B16) | E17: ='ALAKART DİKEY (2)'!E16 -> MEYVE SUYU KUTU | F17: ='ALAKART DİKEY (2)'!F16 -> 30.47
A18: PİLAV & MAKARNA | E18: ='ALAKART DİKEY (2)'!E17 -> SODA MEYVELİ | F18: ='ALAKART DİKEY (2)'!F17 -> 10.95
E19: ='ALAKART DİKEY (2)'!E18 -> SODA SADE | F19: ='ALAKART DİKEY (2)'!F18 -> 8.36
A20: =IF('ALAKART DİKEY (2)'!A19="", "", 'ALAKART DİKEY (2)'!A19) -> TEL ŞEHRİYELİ PİRİNÇ PİLAVI | B20: =IF('ALAKART DİKEY (2)'!B19="", "", 'ALAKART DİKEY (2)'!B19) -> 15.53 | E20: ='ALAKART DİKEY (2)'!E19 -> SOĞUK ÇAY KUTU | F20: ='ALAKART DİKEY (2)'!F19 -> 30.47
A21: =IF('ALAKART DİKEY (2)'!A20="", "", 'ALAKART DİKEY (2)'!A20) | B21: =IF('ALAKART DİKEY (2)'!B20="", "", 'ALAKART DİKEY (2)'!B20) | E21: ='ALAKART DİKEY (2)'!E20 -> ŞALGAM | F21: ='ALAKART DİKEY (2)'!F20 -> 14.28
A22: =IF('ALAKART DİKEY (2)'!A21="", "", 'ALAKART DİKEY (2)'!A21) | B22: =IF('ALAKART DİKEY (2)'!B21="", "", 'ALAKART DİKEY (2)'!B21) | E22: ='ALAKART DİKEY (2)'!E21 -> SU 0,5 LT | F22: ='ALAKART DİKEY (2)'!F21 -> 4.13
A23: =IF('ALAKART DİKEY (2)'!A22="", "", 'ALAKART DİKEY (2)'!A22) | B23: =IF('ALAKART DİKEY (2)'!B22="", "", 'ALAKART DİKEY (2)'!B22) | E23: ='ALAKART DİKEY (2)'!E22 | F23: ='ALAKART DİKEY (2)'!F22
A24: SALATA | E24: ='ALAKART DİKEY (2)'!E23 | F24: ='ALAKART DİKEY (2)'!F23
A26: =IF('ALAKART DİKEY (2)'!A25="", "", 'ALAKART DİKEY (2)'!A25) -> MEVSİM SALATA | B26: =IF('ALAKART DİKEY (2)'!B25="", "", 'ALAKART DİKEY (2)'!B25) -> 29.05
A27: =IF('ALAKART DİKEY (2)'!A26="", "", 'ALAKART DİKEY (2)'!A26) | B27: =IF('ALAKART DİKEY (2)'!B26="", "", 'ALAKART DİKEY (2)'!B26) | E27: TATLI
A28: =IF('ALAKART DİKEY (2)'!A27="", "", 'ALAKART DİKEY (2)'!A27) | B28: =IF('ALAKART DİKEY (2)'!B27="", "", 'ALAKART DİKEY (2)'!B27)
A29: ZEYTİNYAĞLILAR VE SOĞUKLAR | E29: ='ALAKART DİKEY (2)'!E29:E30 -> KARPUZ | F29: =IF('ALAKART DİKEY (2)'!F29:F30="", "", 'ALAKART DİKEY (2)'!F29:F30) -> 24.02
A31: =IF('ALAKART DİKEY (2)'!A30="", "", 'ALAKART DİKEY (2)'!A30) -> CACIK | B31: =IF('ALAKART DİKEY (2)'!B30="", "", 'ALAKART DİKEY (2)'!B30) -> 19.72 | E31: ='ALAKART DİKEY (2)'!E31 -> TRİLİÇE | F31: =IF('ALAKART DİKEY (2)'!F31="", "", 'ALAKART DİKEY (2)'!F31) -> 34.09
A32: =IF('ALAKART DİKEY (2)'!A31="", "", 'ALAKART DİKEY (2)'!A31) -> HAVUÇ TARATOR | B32: =IF('ALAKART DİKEY (2)'!B31="", "", 'ALAKART DİKEY (2)'!B31) -> 25.25 | E32: ='ALAKART DİKEY (2)'!E32 | F32: =IF('ALAKART DİKEY (2)'!F32="", "", 'ALAKART DİKEY (2)'!F32)
A33: =IF('ALAKART DİKEY (2)'!A32="", "", 'ALAKART DİKEY (2)'!A32) -> HAYDARİ | B33: =IF('ALAKART DİKEY (2)'!B32="", "", 'ALAKART DİKEY (2)'!B32) -> 25.46 | E33: ='ALAKART DİKEY (2)'!E33 | F33: =IF('ALAKART DİKEY (2)'!F33="", "", 'ALAKART DİKEY (2)'!F33)
A34: =IF('ALAKART DİKEY (2)'!A33="", "", 'ALAKART DİKEY (2)'!A33) -> PANCAR TURŞUSU | B34: =IF('ALAKART DİKEY (2)'!B33="", "", 'ALAKART DİKEY (2)'!B33) -> 41.75
A35: =IF('ALAKART DİKEY (2)'!A34="", "", 'ALAKART DİKEY (2)'!A34) -> PEMBE SULTAN | B35: =IF('ALAKART DİKEY (2)'!B34="", "", 'ALAKART DİKEY (2)'!B34) -> 15.57 | C35: , | E35: IZGARA ÇEŞİTLERİ
A36: =IF('ALAKART DİKEY (2)'!A35="", "", 'ALAKART DİKEY (2)'!A35) -> RUS SALATA | B36: =IF('ALAKART DİKEY (2)'!B35="", "", 'ALAKART DİKEY (2)'!B35) -> 21.1 | E36: ='ALAKART DİKEY (2)'!E35 -> ADANA KEBAP | F36: ='ALAKART DİKEY (2)'!F35 -> 222.37
A37: =IF('ALAKART DİKEY (2)'!A36="", "", 'ALAKART DİKEY (2)'!A36) -> KÖZLENMİŞ BİBER | B37: =IF('ALAKART DİKEY (2)'!B36="", "", 'ALAKART DİKEY (2)'!B36) -> 17.29 | E37: ='ALAKART DİKEY (2)'!E36 -> TAVUK ŞİŞ | F37: ='ALAKART DİKEY (2)'!F36 -> 108.73
A38: =IF('ALAKART DİKEY (2)'!A37="", "", 'ALAKART DİKEY (2)'!A37) -> YOĞURTLU MANTAR | B38: =IF('ALAKART DİKEY (2)'!B37="", "", 'ALAKART DİKEY (2)'!B37) -> 42.68 | E38: ='ALAKART DİKEY (2)'!E37 -> KUZU ŞİŞ | F38: ='ALAKART DİKEY (2)'!F37 -> 328.95
A39: =IF('ALAKART DİKEY (2)'!A38="", "", 'ALAKART DİKEY (2)'!A38) -> PATLICAN MENÇE | B39: =IF('ALAKART DİKEY (2)'!B38="", "", 'ALAKART DİKEY (2)'!B38) -> 42.9 | C39: , | E39: ='ALAKART DİKEY (2)'!E38 -> TAVUK KANAT | F39: ='ALAKART DİKEY (2)'!F38 -> 115.24
A40: =IF('ALAKART DİKEY (2)'!A39="", "", 'ALAKART DİKEY (2)'!A39) -> Z.Y. BROKOLİ | B40: =IF('ALAKART DİKEY (2)'!B39="", "", 'ALAKART DİKEY (2)'!B39) -> 55.65 | E40: IZGARA SAAT 17.00 / 19.30 SAATLERİ ARASINDA HİZMET VERMEKTEDİR
A41: =IF('ALAKART DİKEY (2)'!A40="", "", 'ALAKART DİKEY (2)'!A40) -> Z.Y. BRÜKSEL LAHANA | B41: =IF('ALAKART DİKEY (2)'!B40="", "", 'ALAKART DİKEY (2)'!B40) -> 56.38
A42: =IF('ALAKART DİKEY (2)'!A41="", "", 'ALAKART DİKEY (2)'!A41) | B42: =IF('ALAKART DİKEY (2)'!B41="", "", 'ALAKART DİKEY (2)'!B41)
A43: =IF('ALAKART DİKEY (2)'!A45="", "", 'ALAKART DİKEY (2)'!A45) | B43: =IF('ALAKART DİKEY (2)'!B45="", "", 'ALAKART DİKEY (2)'!B45)

Sheet YEMEK ETİKET (1)
A1: ='SELF MENÜ (5)'!A7 -> EZOGELİN ÇORBASI | B1: ='SELF MENÜ (5)'!A13 -> BAMYA YEMEĞİ
A3: ='SELF MENÜ (5)'!B7 -> 17.24 | B3: ='SELF MENÜ (5)'!B13 -> 64.25
A5: ='SELF MENÜ (5)'!A14 -> TAVUK BUT ROTİ | B5: ='SELF MENÜ (5)'!A15 -> HASANPAŞA KÖFTE
A7: ='SELF MENÜ (5)'!B14 -> 58.3 | B7: ='SELF MENÜ (5)'!B15 -> 161.49
A9: ='SELF MENÜ (5)'!A20 -> TEL ŞEHRİYELİ PİRİNÇ PİLAVI | B9: ='SELF MENÜ (5)'!A26 -> MEVSİM SALATA
A11: ='SELF MENÜ (5)'!B20 -> 14.53 | B11: ='SELF MENÜ (5)'!B26 -> 27.19
A13: ='SELF MENÜ (5)'!E29 -> KARPUZ | B13: ='SELF MENÜ (5)'!E30 -> TRİLİÇE
A15: ='SELF MENÜ (5)'!F29 -> 22.48 | B15: ='SELF MENÜ (5)'!F30 -> 31.9

Sheet MEZELER (3)
A1: ZEYTİNYAĞLILAR VE SOĞUKLAR
B6: =IF('SELF MENÜ (5)'!A26="", "", 'SELF MENÜ (5)'!A26) -> MEVSİM SALATA | I6: =IF('SELF MENÜ (5)'!B26="", "", 'SELF MENÜ (5)'!B26) -> 27.19 | L6: KÖZLENMİŞ BİBER | T6: 16.18
B8: CACIK | I8: 18.46 | L8: Z.Y. BROKOLİ | T8: 52.08
B10: HAVUÇ TARATOR | I10: 23.63 | L10: Z.Y. BRÜKSEL LAHANA | T10: 52.77
B12: HAYDARİ | I12: 23.82 | L12: PATLICAN MENÇE | T12: 40.15
B14: PANCAR TURŞUSU | I14: 39.07 | J14: 42.52 | L14: YOĞURTLU MANTAR | T14: 39.95
B16: RUS SALATA | I16: 19.75 | J16: 73.42 | L16: KARPUZ | T16: 22.48
B18: PEMBE SULTAN | I18: 14.57 | L18: TRİLİÇE | T18: 31.9
B20: YOĞURT KASE | I20: 11.53

Sheet İÇECEKLER (1)
A1: İÇECEKLER
A6: FANTA KUTU | I6: 22.9 | K6: ŞALGAM SUYU | T6: 14.28
A8: GAZOZ KUTU | I8: 22.9 | K8: SU | T8: 4.13
A10: KOLA KUTU | I10: 22.9 | K10: SODA MEYVELİ | T10: 10.95
A12: AYRAN | I12: 10.26 | K12: SADE SODA | T12: 8.36
A14: SOĞUK ÇAY KUTU | I14: 30.47 | K14: YOĞURT KASE 200 GR | T14: 11.53
T15: P
A16: MEYVE SUYU KUTU | I16: 30.47
K18: EKMEKLER
K20: =IF('SELF MENÜ (5)'!E7="", "", 'SELF MENÜ (5)'!E7) -> ROL EKMEK | T20: ='SELF MENÜ (5)'!F7 -> 3.59

Sheet DEKANLIK MENÜ (1)
A1: BEYTEPE SOSYAL TESİS MÜDÜRLÜĞÜ
A3: ='SELF MENÜ (5)'!A3:D3 -> 45838 | D3: DEKANLIK MENÜ
A5: ÇORBALAR | E5: EKMEKLER
A7: =IF('SELF MENÜ (5)'!A7="", "", 'SELF MENÜ (5)'!A7) -> EZOGELİN ÇORBASI | B7: =IF('SELF MENÜ (5)'!B7="", "", 'SELF MENÜ (5)'!B7) -> 17.24 | E7: ROL EKMEK | F7: 3.59
A8: =IF('SELF MENÜ (5)'!A8="", "", 'SELF MENÜ (5)'!A8) | B8: =IF('SELF MENÜ (5)'!B8="", "", 'SELF MENÜ (5)'!B8)
A9: =IF('SELF MENÜ (5)'!A9="", "", 'SELF MENÜ (5)'!A9) | B9: =IF('SELF MENÜ (5)'!B9="", "", 'SELF MENÜ (5)'!B9)
E10: İÇECEKLER
A11: ANA YEMEKLER
E12: AYRAN 300 GR | F12: 10.26
A13: =IF('SELF MENÜ (5)'!A13="","",'SELF MENÜ (5)'!A13) -> BAMYA YEMEĞİ | B13: =IF('SELF MENÜ (5)'!B13="","",'SELF MENÜ (5)'!B13) -> 64.25 | E13: FANTA KUTU | F13: 22.9
A14: =IF('SELF MENÜ (5)'!A14="","",'SELF MENÜ (5)'!A14) -> TAVUK BUT ROTİ | B14: =IF('SELF MENÜ (5)'!B14="","",'SELF MENÜ (5)'!B14) -> 58.3 | E14: GAZOZ KUTU | F14: 22.9
A15: =IF('SELF MENÜ (5)'!A15="","",'SELF MENÜ (5)'!A15) -> HASANPAŞA KÖFTE | B15: =IF('SELF MENÜ (5)'!B15="","",'SELF MENÜ (5)'!B15) -> 161.49 | E15: KOLA KUTU | F15: 22.9
A16: =IF('SELF MENÜ (5)'!A16="","",'SELF MENÜ (5)'!A16) | B16: =IF('SELF MENÜ (5)'!B16="","",'SELF MENÜ (5)'!B16) | E16: KOLA KUTU ZERO | F16: 22.9
B17: =IF('SELF MENÜ (5)'!B17="","",'SELF MENÜ (5)'!B17) | E17: MEYVE SUYU KUTU | F17: 30.47
A18: PİLAV & MAKARNA | E18: SODA MEYVELİ | F18: 10.95
E19: SODA SADE | F19: 8.36
A20: =IF('SELF MENÜ (5)'!A20="", "", 'SELF MENÜ (5)'!A20) -> TEL ŞEHRİYELİ PİRİNÇ PİLAVI | B20: =IF('SELF MENÜ (5)'!B20="","",'SELF MENÜ (5)'!B20) -> 14.53 | E20: SOĞUK ÇAY KUTU | F20: 30.47
A21: =IF('SELF MENÜ (5)'!A21="","",'SELF MENÜ (5)'!A21) | B21: =IF('SELF MENÜ (5)'!B21="","",'SELF MENÜ (5)'!B21) | E21: ŞALGAM | F21: 14.28
E22: SU 0,5 LT | F22: 4.13
A24: SALATA
A26: =IF('SELF MENÜ (5)'!A26="", "", 'SELF MENÜ (5)'!A26) -> MEVSİM SALATA | B26: =IF('SELF MENÜ (5)'!B26="", "", 'SELF MENÜ (5)'!B26) -> 27.19
E27: TATLI
A29: ZEYTİNYAĞLILAR VE SOĞUKLAR | E29: =IF('SELF MENÜ (5)'!E29="", "", 'SELF MENÜ (5)'!E29) -> KARPUZ | F29: =IF('SELF MENÜ (5)'!F29="", "", 'SELF MENÜ (5)'!F29) -> 22.48
E30: =IF('SELF MENÜ (5)'!E30="", "", 'SELF MENÜ (5)'!E30) -> TRİLİÇE | F30: =IF('SELF MENÜ (5)'!F30="", "", 'SELF MENÜ (5)'!F30) -> 31.9
A31: CACIK | B31: 18.46
A32: HAYDARİ | B32: 23.82
E38: AÇILIŞ=11:45
E39: KAPANIŞ=13:30

Sheet PİDE SELF (3)
B1: BEYTEPE SOSYAL TESİS
B2: PİDE SALONU
B3: 45838
B5: PİDELERİMİZ | D5: A F İ Y E T O L S U N | E5: İÇECEKLER
E6: AYRAN 300 GR | F6: 10.26
B7: KAŞARLI PİDE | C7: 56.15 | E7: MEYVE SUYU KUTU | F7: 30.47
E8: KOLA KUTU | F8: 22.9
B9: KAŞARLI YUMURTALI PİDE | C9: 62.48 | E9: KOLA KUTU ZERO | F9: 22.9
E10: FANTA KUTU | F10: 22.9
B11: KIYMALI KAŞARLI PİDE | C11: 98.92 | E11: GAZOZ KUTU | F11: 22.9
E12: SOĞUK ÇAY KUTU | F12: 30.47
B13: KIYMALI KAŞARLI YUMURTALI PİDE | C13: 105.26 | E13: SODA MEYVELİ | F13: 10.95
E14: SODA SADE | F14: 8.36
B15: KUŞBAŞILI PİDE | C15: 115.8 | E15: ŞALGAM | F15: 14.28
E16: SU 0,50 LT | F16: 4.13
B17: KUŞBAŞILI KAŞARLI PİDE | C17: 133.87
B19: KIYMALI PİDE | C19: 80.85
B21: KIYMALI YUMURTALI PİDE | C21: 87.19 | E21: SALATA
E22: ='SELF MENÜ (5)'!A26 -> MEVSİM SALATA | F22: ='SELF MENÜ (5)'!B26 -> 27.19
B23: SUCUKLU KAŞARLI PİDE | C23: 84.07
B25: LAHMACUN | C25: 59.8
E26: ÖĞRENCİYE 2'DEN FAZLA PİDE SATIŞIMIZ YOKTUR. ÇALIŞMA SAATLERİ 11:30-14:00 16:30-20:00
B27: ISPANAKLI PİDE | C27: 21.37
B30: ISPANAKLI YUMURTALI PİDE | C30: 28.76
